mo_hinh,precision,recall,f1
Luật,0.4218066056506168,0.9906542056074766,0.5916829472509071
Máy học,0.9952696310312205,0.983177570093458,0.9891866478608369
Lai,0.9469026548672567,1.0,0.9727272727272728
