mo_hinh,precision,recall,f1
Luật,0.4280653414682149,0.9908883826879271,0.5978559648158329
Máy học,0.9953853253345639,0.9826879271070615,0.9889958734525447
Lai,0.9481641468682506,1.0,0.9733924611973392
